epoch,batch,trial,tr_loss_strong,tr_loss,dataset,best_val_epoch,val_loss_strong,val_loss
0,170,-1,1.1333731963620548,1.1333731963620548,-1,,,
1,170,-1,0.8935794896549649,0.8935794896549649,-1,,,
2,170,-1,0.7501287183217835,0.7501287183217835,-1,,,
3,170,-1,0.7258737200533437,0.7258737200533437,-1,,,
4,170,-1,0.6978905559980382,0.6978905559980382,-1,,,
5,170,-1,,,-1,5.0,0.6284659926076325,0.6284659926076325
5,170,-1,,,0,5.0,0.6140256822109222,0.6140256822109222
5,170,-1,,,1,5.0,0.5225145816802979,0.5225145816802979
5,170,-1,,,2,5.0,0.639942637511662,0.639942637511662
5,170,-1,,,3,5.0,0.5592408605984279,0.5592408605984279
5,170,-1,,,4,5.0,0.515886949641364,0.515886949641364
5,170,-1,,,5,5.0,0.5518303854124886,0.5518303854124886
5,170,-1,,,6,5.0,0.4956444033554622,0.4956444033554622
5,170,-1,,,7,5.0,0.6772386644567762,0.6772386644567762
5,170,-1,,,8,5.0,0.8265996830804008,0.8265996830804008
5,170,-1,,,9,5.0,0.6226186198847634,0.6226186198847634
5,170,-1,,,10,5.0,0.4856600378240858,0.4856600378240858
5,170,-1,,,11,5.0,0.789109753710883,0.789109753710883
5,170,-1,,,12,5.0,0.8503115688051496,0.8503115688051496
5,170,-1,,,13,5.0,0.4596698582172394,0.4596698582172394
5,170,-1,,,14,5.0,0.7048025684697288,0.7048025684697288
5,170,-1,,,15,5.0,0.5208059070365769,0.5208059070365769
5,170,-1,,,16,5.0,0.61830415896007,0.61830415896007
5,170,-1,,,17,5.0,0.6062867449862617,0.6062867449862617
5,170,-1,,,18,5.0,0.666411646774837,0.666411646774837
5,170,-1,,,19,5.0,0.7819610834121704,0.7819610834121704
5,170,-1,,,20,5.0,0.688920048730714,0.688920048730714
5,170,-1,0.6774753933412987,0.6774753933412987,-1,,,
6,170,-1,0.6628258963774519,0.6628258963774519,-1,,,
7,170,-1,0.6581173131340429,0.6581173131340429,-1,,,
8,170,-1,0.6365831313077469,0.6365831313077469,-1,,,
9,170,-1,0.6339037960384324,0.6339037960384324,-1,,,
10,170,-1,,,-1,10.0,0.547410532223935,0.547410532223935
10,170,-1,,,0,10.0,0.6241630273205894,0.6241630273205894
10,170,-1,,,1,10.0,0.46966019698551725,0.46966019698551725
10,170,-1,,,2,10.0,0.5808852783271244,0.5808852783271244
10,170,-1,,,3,10.0,0.48924060591629576,0.48924060591629576
10,170,-1,,,4,10.0,0.4611280858516693,0.4611280858516693
10,170,-1,,,5,10.0,0.5123795143195561,0.5123795143195561
10,170,-1,,,6,10.0,0.45742706102984293,0.45742706102984293
10,170,-1,,,7,10.0,0.5346334683043616,0.5346334683043616
10,170,-1,,,8,10.0,0.7474586027009147,0.7474586027009147
10,170,-1,,,9,10.0,0.6041068775313241,0.6041068775313241
10,170,-1,,,10,10.0,0.35915568470954895,0.35915568470954895
10,170,-1,,,11,10.0,0.7454954215458461,0.7454954215458461
10,170,-1,,,12,10.0,0.8594707655055183,0.8594707655055183
10,170,-1,,,13,10.0,0.4343645232064383,0.4343645232064383
10,170,-1,,,14,10.0,0.4630476917539324,0.4630476917539324
10,170,-1,,,15,10.0,0.39772725318159374,0.39772725318159374
10,170,-1,,,16,10.0,0.4248539890561785,0.4248539890561785
10,170,-1,,,17,10.0,0.5522561286176954,0.5522561286176954
10,170,-1,,,18,10.0,0.6380879580974579,0.6380879580974579
10,170,-1,,,19,10.0,0.6529451268059867,0.6529451268059867
10,170,-1,,,20,10.0,0.48713391593524386,0.48713391593524386
10,170,-1,0.6174265050400071,0.6174265050400071,-1,,,
11,170,-1,0.6132426324643587,0.6132426324643587,-1,,,
12,170,-1,0.6151173308230283,0.6151173308230283,-1,,,
13,170,-1,0.6023556373969853,0.6023556373969853,-1,,,
14,170,-1,0.5968805446959379,0.5968805446959379,-1,,,
15,170,-1,,,-1,15.0,0.4865745327555809,0.4865745327555809
15,170,-1,,,0,15.0,0.5829491998468127,0.5829491998468127
15,170,-1,,,1,15.0,0.41490734262125833,0.41490734262125833
15,170,-1,,,2,15.0,0.610307514667511,0.610307514667511
15,170,-1,,,3,15.0,0.4087636534656797,0.4087636534656797
15,170,-1,,,4,15.0,0.4370436838694981,0.4370436838694981
15,170,-1,,,5,15.0,0.46359002590179443,0.46359002590179443
15,170,-1,,,6,15.0,0.41557092326028006,0.41557092326028006
15,170,-1,,,7,15.0,0.46501263763223377,0.46501263763223377
15,170,-1,,,8,15.0,0.6408416288239616,0.6408416288239616
15,170,-1,,,9,15.0,0.5612053743430546,0.5612053743430546
15,170,-1,,,10,15.0,0.29941939243248533,0.29941939243248533
15,170,-1,,,11,15.0,0.6678544495786939,0.6678544495786939
15,170,-1,,,12,15.0,0.8195832158838,0.8195832158838
15,170,-1,,,13,15.0,0.39898116673742023,0.39898116673742023
15,170,-1,,,14,15.0,0.34932232009513037,0.34932232009513037
15,170,-1,,,15,15.0,0.3226983222578253,0.3226983222578253
15,170,-1,,,16,15.0,0.3373685692037855,0.3373685692037855
15,170,-1,,,17,15.0,0.5284617053610938,0.5284617053610938
15,170,-1,,,18,15.0,0.6057763184819903,0.6057763184819903
15,170,-1,,,19,15.0,0.5069378188678196,0.5069378188678196
15,170,-1,,,20,15.0,0.38146992453507017,0.38146992453507017
15,170,-1,0.5957393294189408,0.5957393294189408,-1,,,
16,170,-1,0.5846956764396868,0.5846956764396868,-1,,,
17,170,-1,0.5759646604981339,0.5759646604981339,-1,,,
18,170,-1,0.5731499714460987,0.5731499714460987,-1,,,
19,170,-1,0.5686036879904786,0.5686036879904786,-1,,,
20,170,-1,,,-1,20.0,0.45762798691890677,0.45762798691890677
20,170,-1,,,0,20.0,0.5295273874487195,0.5295273874487195
20,170,-1,,,1,20.0,0.3877390282494681,0.3877390282494681
20,170,-1,,,2,20.0,0.56834733911923,0.56834733911923
20,170,-1,,,3,20.0,0.36913021228143145,0.36913021228143145
20,170,-1,,,4,20.0,0.4388818996293204,0.4388818996293204
20,170,-1,,,5,20.0,0.4590757904308183,0.4590757904308183
20,170,-1,,,6,20.0,0.4484916755131313,0.4484916755131313
20,170,-1,,,7,20.0,0.40539536092962536,0.40539536092962536
20,170,-1,,,8,20.0,0.5933419380869184,0.5933419380869184
20,170,-1,,,9,20.0,0.5201657797609057,0.5201657797609057
20,170,-1,,,10,20.0,0.29198095415319714,0.29198095415319714
20,170,-1,,,11,20.0,0.6022620286260333,0.6022620286260333
20,170,-1,,,12,20.0,0.7985624245234898,0.7985624245234898
20,170,-1,,,13,20.0,0.4284264062132154,0.4284264062132154
20,170,-1,,,14,20.0,0.28218945062586237,0.28218945062586237
20,170,-1,,,15,20.0,0.2750846802123955,0.2750846802123955
20,170,-1,,,16,20.0,0.3054688849619457,0.3054688849619457
20,170,-1,,,17,20.0,0.5646284967660904,0.5646284967660904
20,170,-1,,,18,20.0,0.5712219263826098,0.5712219263826098
20,170,-1,,,19,20.0,0.45594228165490286,0.45594228165490286
20,170,-1,,,20,20.0,0.31432377972773146,0.31432377972773146
20,170,-1,0.5588540509778853,0.5588540509778853,-1,,,
21,170,-1,0.5650105706432409,0.5650105706432409,-1,,,
22,170,-1,0.5543384816911485,0.5543384816911485,-1,,,
23,170,-1,0.5485592630871555,0.5485592630871555,-1,,,
24,170,-1,0.5439829409819598,0.5439829409819598,-1,,,
25,170,-1,,,-1,25.0,0.43169575491223205,0.43169575491223205
25,170,-1,,,0,25.0,0.5365370394928115,0.5365370394928115
25,170,-1,,,1,25.0,0.3827935733965465,0.3827935733965465
25,170,-1,,,2,25.0,0.5388418010302952,0.5388418010302952
25,170,-1,,,3,25.0,0.35405378469399046,0.35405378469399046
25,170,-1,,,4,25.0,0.4369743636676243,0.4369743636676243
25,170,-1,,,5,25.0,0.4199411581669535,0.4199411581669535
25,170,-1,,,6,25.0,0.4388616383075714,0.4388616383075714
25,170,-1,,,7,25.0,0.3571489006280899,0.3571489006280899
25,170,-1,,,8,25.0,0.5542051664420536,0.5542051664420536
25,170,-1,,,9,25.0,0.55250426701137,0.55250426701137
25,170,-1,,,10,25.0,0.23211437463760376,0.23211437463760376
25,170,-1,,,11,25.0,0.6446189454623631,0.6446189454623631
25,170,-1,,,12,25.0,0.8229206545012338,0.8229206545012338
25,170,-1,,,13,25.0,0.33008134577955517,0.33008134577955517
25,170,-1,,,14,25.0,0.2256061253803117,0.2256061253803117
25,170,-1,,,15,25.0,0.23698731245739119,0.23698731245739119
25,170,-1,,,16,25.0,0.2572311737707683,0.2572311737707683
25,170,-1,,,17,25.0,0.5379792153835297,0.5379792153835297
25,170,-1,,,18,25.0,0.5865095151322228,0.5865095151322228
25,170,-1,,,19,25.0,0.3584516559328352,0.3584516559328352
25,170,-1,,,20,25.0,0.261248841881752,0.261248841881752
25,170,-1,0.543772425393612,0.543772425393612,-1,,,
26,170,-1,0.5348878565587496,0.5348878565587496,-1,,,
27,170,-1,0.5246458548551415,0.5246458548551415,-1,,,
28,170,-1,0.5324950664364106,0.5324950664364106,-1,,,
29,170,-1,0.5217014676646182,0.5217014676646182,-1,,,
30,170,-1,,,-1,30.0,0.4259353912099689,0.4259353912099689
30,170,-1,,,0,30.0,0.514103461589132,0.514103461589132
30,170,-1,,,1,30.0,0.36837771960667204,0.36837771960667204
30,170,-1,,,2,30.0,0.5116068763392312,0.5116068763392312
30,170,-1,,,3,30.0,0.38621021594320026,0.38621021594320026
30,170,-1,,,4,30.0,0.41736858657428194,0.41736858657428194
30,170,-1,,,5,30.0,0.391109148306506,0.391109148306506
30,170,-1,,,6,30.0,0.42653473147324156,0.42653473147324156
30,170,-1,,,7,30.0,0.36623085183756693,0.36623085183756693
30,170,-1,,,8,30.0,0.5536339112690517,0.5536339112690517
30,170,-1,,,9,30.0,0.48648191349846975,0.48648191349846975
30,170,-1,,,10,30.0,0.28626675478049685,0.28626675478049685
30,170,-1,,,11,30.0,0.5250921334539141,0.5250921334539141
30,170,-1,,,12,30.0,0.8149582828794207,0.8149582828794207
30,170,-1,,,13,30.0,0.34023999316351755,0.34023999316351755
30,170,-1,,,14,30.0,0.23348153808287211,0.23348153808287211
30,170,-1,,,15,30.0,0.2816297502389976,0.2816297502389976
30,170,-1,,,16,30.0,0.2876491972378322,0.2876491972378322
30,170,-1,,,17,30.0,0.5233326724597386,0.5233326724597386
30,170,-1,,,18,30.0,0.5397840227399554,0.5397840227399554
30,170,-1,,,19,30.0,0.41482415795326233,0.41482415795326233
30,170,-1,,,20,30.0,0.2757272959819862,0.2757272959819862
30,170,-1,0.5199070161546183,0.5199070161546183,-1,,,
31,170,-1,0.5218699538742589,0.5218699538742589,-1,,,
32,170,-1,0.5130969075954448,0.5130969075954448,-1,,,
33,170,-1,0.5172721659928038,0.5172721659928038,-1,,,
34,170,-1,0.5129987739505824,0.5129987739505824,-1,,,
35,170,-1,,,-1,35.0,0.4051026998556593,0.4051026998556593
35,170,-1,,,0,35.0,0.5344449750014714,0.5344449750014714
35,170,-1,,,1,35.0,0.33972727613789694,0.33972727613789694
35,170,-1,,,2,35.0,0.5066117814608982,0.5066117814608982
35,170,-1,,,3,35.0,0.3430139145680836,0.3430139145680836
35,170,-1,,,4,35.0,0.4123221401657377,0.4123221401657377
35,170,-1,,,5,35.0,0.3980717286467552,0.3980717286467552
35,170,-1,,,6,35.0,0.39810686877795626,0.39810686877795626
35,170,-1,,,7,35.0,0.3095740133098194,0.3095740133098194
35,170,-1,,,8,35.0,0.5112419937338147,0.5112419937338147
35,170,-1,,,9,35.0,0.5153503545692989,0.5153503545692989
35,170,-1,,,10,35.0,0.2295421606728009,0.2295421606728009
35,170,-1,,,11,35.0,0.572672609772001,0.572672609772001
35,170,-1,,,12,35.0,0.8110004024846214,0.8110004024846214
35,170,-1,,,13,35.0,0.29078572349888937,0.29078572349888937
35,170,-1,,,14,35.0,0.1732296941003629,0.1732296941003629
35,170,-1,,,15,35.0,0.23201512598565646,0.23201512598565646
35,170,-1,,,16,35.0,0.2751330073390688,0.2751330073390688
35,170,-1,,,17,35.0,0.5045604205557278,0.5045604205557278
35,170,-1,,,18,35.0,0.5632001800196511,0.5632001800196511
35,170,-1,,,19,35.0,0.3483222723007202,0.3483222723007202
35,170,-1,,,20,35.0,0.23823005386761256,0.23823005386761256
35,170,-1,0.5075685026352865,0.5075685026352865,-1,,,
36,170,-1,0.5047990244034438,0.5047990244034438,-1,,,
37,170,-1,0.5002179764516173,0.5002179764516173,-1,,,
38,170,-1,0.5021664142957207,0.5021664142957207,-1,,,
39,170,-1,0.49964189529418945,0.49964189529418945,-1,,,
40,170,-1,,,-1,40.0,0.3845614666613389,0.3845614666613389
40,170,-1,,,0,40.0,0.5133405061704772,0.5133405061704772
40,170,-1,,,1,40.0,0.3347300099475043,0.3347300099475043
40,170,-1,,,2,40.0,0.5796777180262974,0.5796777180262974
40,170,-1,,,3,40.0,0.3058085909911564,0.3058085909911564
40,170,-1,,,4,40.0,0.4264242414917265,0.4264242414917265
40,170,-1,,,5,40.0,0.33939191033797605,0.33939191033797605
40,170,-1,,,6,40.0,0.38559138774871826,0.38559138774871826
40,170,-1,,,7,40.0,0.24263219961098262,0.24263219961098262
40,170,-1,,,8,40.0,0.45634423409189495,0.45634423409189495
40,170,-1,,,9,40.0,0.48038079908915926,0.48038079908915926
40,170,-1,,,10,40.0,0.19894951156207494,0.19894951156207494
40,170,-1,,,11,40.0,0.575713323695319,0.575713323695319
40,170,-1,,,12,40.0,0.7319739758968353,0.7319739758968353
40,170,-1,,,13,40.0,0.33055807862962994,0.33055807862962994
40,170,-1,,,14,40.0,0.15385398242090428,0.15385398242090428
40,170,-1,,,15,40.0,0.18055670016578265,0.18055670016578265
40,170,-1,,,16,40.0,0.20792309514113835,0.20792309514113835
40,170,-1,,,17,40.0,0.5586476831563881,0.5586476831563881
40,170,-1,,,18,40.0,0.6048048138618469,0.6048048138618469
40,170,-1,,,19,40.0,0.28035520230020794,0.28035520230020794
40,170,-1,,,20,40.0,0.18813283555209637,0.18813283555209637
40,170,-1,0.49658260734109155,0.49658260734109155,-1,,,
41,170,-1,0.4939210801793818,0.4939210801793818,-1,,,
42,170,-1,0.5028433567947812,0.5028433567947812,-1,,,
43,170,-1,0.49193516391062597,0.49193516391062597,-1,,,
44,170,-1,0.4882209370707908,0.4882209370707908,-1,,,
45,170,-1,,,-1,45.0,0.38239970900194376,0.38239970900194376
45,170,-1,,,0,45.0,0.5394134585346494,0.5394134585346494
45,170,-1,,,1,45.0,0.33241609590394156,0.33241609590394156
45,170,-1,,,2,45.0,0.49880888206618174,0.49880888206618174
45,170,-1,,,3,45.0,0.3382417878934315,0.3382417878934315
45,170,-1,,,4,45.0,0.41586417172636303,0.41586417172636303
45,170,-1,,,5,45.0,0.37778916782034294,0.37778916782034294
45,170,-1,,,6,45.0,0.4162404537200928,0.4162404537200928
45,170,-1,,,7,45.0,0.22469355165958405,0.22469355165958405
45,170,-1,,,8,45.0,0.5093295701912471,0.5093295701912471
45,170,-1,,,9,45.0,0.48514743787901743,0.48514743787901743
45,170,-1,,,10,45.0,0.20246017937149322,0.20246017937149322
45,170,-1,,,11,45.0,0.5243646417345319,0.5243646417345319
45,170,-1,,,12,45.0,0.7707342505455017,0.7707342505455017
45,170,-1,,,13,45.0,0.29230397939682007,0.29230397939682007
45,170,-1,,,14,45.0,0.13256373016961984,0.13256373016961984
45,170,-1,,,15,45.0,0.1869279444217682,0.1869279444217682
45,170,-1,,,16,45.0,0.21520324370690755,0.21520324370690755
45,170,-1,,,17,45.0,0.5116594018680709,0.5116594018680709
45,170,-1,,,18,45.0,0.5650003786597934,0.5650003786597934
45,170,-1,,,19,45.0,0.3108084074088505,0.3108084074088505
45,170,-1,,,20,45.0,0.18042315436261042,0.18042315436261042
45,170,-1,0.48437875997253327,0.48437875997253327,-1,,,
46,170,-1,0.4854920405393455,0.4854920405393455,-1,,,
47,170,-1,0.4823157637439973,0.4823157637439973,-1,,,
48,170,-1,0.48021275937905783,0.48021275937905783,-1,,,
49,170,-1,0.4748261518645705,0.4748261518645705,-1,,,
50,170,-1,,,-1,50.0,0.38033571943235234,0.38033571943235234
50,170,-1,,,0,50.0,0.5066921689680645,0.5066921689680645
50,170,-1,,,1,50.0,0.34489741708551136,0.34489741708551136
50,170,-1,,,2,50.0,0.48311995608466013,0.48311995608466013
50,170,-1,,,3,50.0,0.3416784426995686,0.3416784426995686
50,170,-1,,,4,50.0,0.4071136351142611,0.4071136351142611
50,170,-1,,,5,50.0,0.35792730695434977,0.35792730695434977
50,170,-1,,,6,50.0,0.4223292108092989,0.4223292108092989
50,170,-1,,,7,50.0,0.2454537728003093,0.2454537728003093
50,170,-1,,,8,50.0,0.49149554542132784,0.49149554542132784
50,170,-1,,,9,50.0,0.4441280279840742,0.4441280279840742
50,170,-1,,,10,50.0,0.2112802533166749,0.2112802533166749
50,170,-1,,,11,50.0,0.4913008383342198,0.4913008383342198
50,170,-1,,,12,50.0,0.7963488825729915,0.7963488825729915
50,170,-1,,,13,50.0,0.27720450290611814,0.27720450290611814
50,170,-1,,,14,50.0,0.14493939094245434,0.14493939094245434
50,170,-1,,,15,50.0,0.2305389597479786,0.2305389597479786
50,170,-1,,,16,50.0,0.22193345533949987,0.22193345533949987
50,170,-1,,,17,50.0,0.5018622066293444,0.5018622066293444
50,170,-1,,,18,50.0,0.5573434084653854,0.5573434084653854
50,170,-1,,,19,50.0,0.31935134530067444,0.31935134530067444
50,170,-1,,,20,50.0,0.19011138060263225,0.19011138060263225
50,170,-1,0.4725379108162651,0.4725379108162651,-1,,,
51,170,-1,0.47253881307721834,0.47253881307721834,-1,,,
52,170,-1,0.47889471097647796,0.47889471097647796,-1,,,
53,170,-1,0.47498661122824015,0.47498661122824015,-1,,,
54,170,-1,0.47029288130545477,0.47029288130545477,-1,,,
55,170,-1,,,-1,50.0,0.39734454036113764,0.39734454036113764
55,170,-1,,,0,50.0,0.545668747808252,0.545668747808252
55,170,-1,,,1,50.0,0.3536169358662197,0.3536169358662197
55,170,-1,,,2,50.0,0.44263080188206266,0.44263080188206266
55,170,-1,,,3,50.0,0.34428300176348003,0.34428300176348003
55,170,-1,,,4,50.0,0.40943689005715506,0.40943689005715506
55,170,-1,,,5,50.0,0.4351722539535591,0.4351722539535591
55,170,-1,,,6,50.0,0.45174568040030344,0.45174568040030344
55,170,-1,,,7,50.0,0.23459135102374212,0.23459135102374212
55,170,-1,,,8,50.0,0.5145344010421208,0.5145344010421208
55,170,-1,,,9,50.0,0.5612715482711792,0.5612715482711792
55,170,-1,,,10,50.0,0.2435657956770488,0.2435657956770488
55,170,-1,,,11,50.0,0.5248275739806039,0.5248275739806039
55,170,-1,,,12,50.0,0.8596073452915464,0.8596073452915464
55,170,-1,,,13,50.0,0.257150982107435,0.257150982107435
55,170,-1,,,14,50.0,0.14801393342869623,0.14801393342869623
55,170,-1,,,15,50.0,0.21112386509776115,0.21112386509776115
55,170,-1,,,16,50.0,0.24956509896687099,0.24956509896687099
55,170,-1,,,17,50.0,0.466458549456937,0.466458549456937
55,170,-1,,,18,50.0,0.5611777199166161,0.5611777199166161
55,170,-1,,,19,50.0,0.3357197642326355,0.3357197642326355
55,170,-1,,,20,50.0,0.1940731073596648,0.1940731073596648
55,170,-1,0.46614165211978714,0.46614165211978714,-1,,,
56,170,-1,0.4750839331519534,0.4750839331519534,-1,,,
57,170,-1,0.4666264957328986,0.4666264957328986,-1,,,
58,170,-1,0.4670914691268352,0.4670914691268352,-1,,,
59,170,-1,0.46360875727140416,0.46360875727140416,-1,,,
60,170,-1,,,-1,60.0,0.35775959566488963,0.35775959566488963
60,170,-1,,,0,60.0,0.5375201180577278,0.5375201180577278
60,170,-1,,,1,60.0,0.3222295045852661,0.3222295045852661
60,170,-1,,,2,60.0,0.4657322828258787,0.4657322828258787
60,170,-1,,,3,60.0,0.3215238962854658,0.3215238962854658
60,170,-1,,,4,60.0,0.3903540415423257,0.3903540415423257
60,170,-1,,,5,60.0,0.35193522966333796,0.35193522966333796
60,170,-1,,,6,60.0,0.3975036399705069,0.3975036399705069
60,170,-1,,,7,60.0,0.18239482598645346,0.18239482598645346
60,170,-1,,,8,60.0,0.4648333873067583,0.4648333873067583
60,170,-1,,,9,60.0,0.46888687355177744,0.46888687355177744
60,170,-1,,,10,60.0,0.17066304172788346,0.17066304172788346
60,170,-1,,,11,60.0,0.511563105242593,0.511563105242593
60,170,-1,,,12,60.0,0.7796350930418287,0.7796350930418287
60,170,-1,,,13,60.0,0.268765851855278,0.268765851855278
60,170,-1,,,14,60.0,0.10967653803527355,0.10967653803527355
60,170,-1,,,15,60.0,0.17648942875010626,0.17648942875010626
60,170,-1,,,16,60.0,0.15606799402407237,0.15606799402407237
60,170,-1,,,17,60.0,0.4795092466686453,0.4795092466686453
60,170,-1,,,18,60.0,0.544354864529201,0.544354864529201
60,170,-1,,,19,60.0,0.2648739495447704,0.2648739495447704
60,170,-1,,,20,60.0,0.14843859576753207,0.14843859576753207
60,170,-1,0.46147654131490584,0.46147654131490584,-1,,,
61,170,-1,0.4642319118941737,0.4642319118941737,-1,,,
62,170,-1,0.45888906333878726,0.45888906333878726,-1,,,
63,170,-1,0.4637028134008597,0.4637028134008597,-1,,,
64,170,-1,0.45395358316382467,0.45395358316382467,-1,,,
65,170,-1,,,-1,65.0,0.34660222165945437,0.34660222165945437
65,170,-1,,,0,65.0,0.5645539004887853,0.5645539004887853
65,170,-1,,,1,65.0,0.3174723152603422,0.3174723152603422
65,170,-1,,,2,65.0,0.46036828202860697,0.46036828202860697
65,170,-1,,,3,65.0,0.3105963979448591,0.3105963979448591
65,170,-1,,,4,65.0,0.4019265260015215,0.4019265260015215
65,170,-1,,,5,65.0,0.311688557267189,0.311688557267189
65,170,-1,,,6,65.0,0.3997972884348461,0.3997972884348461
65,170,-1,,,7,65.0,0.14518342433231218,0.14518342433231218
65,170,-1,,,8,65.0,0.47730197651045664,0.47730197651045664
65,170,-1,,,9,65.0,0.45728993841579985,0.45728993841579985
65,170,-1,,,10,65.0,0.14703227739248956,0.14703227739248956
65,170,-1,,,11,65.0,0.480354551758085,0.480354551758085
65,170,-1,,,12,65.0,0.7312276384660176,0.7312276384660176
65,170,-1,,,13,65.0,0.29365483139242443,0.29365483139242443
65,170,-1,,,14,65.0,0.08407857215830258,0.08407857215830258
65,170,-1,,,15,65.0,0.15889427464987552,0.15889427464987552
65,170,-1,,,16,65.0,0.13396700471639633,0.13396700471639633
65,170,-1,,,17,65.0,0.5320442989468575,0.5320442989468575
65,170,-1,,,18,65.0,0.5361263113362449,0.5361263113362449
65,170,-1,,,19,65.0,0.22683564254215785,0.22683564254215785
65,170,-1,,,20,65.0,0.10825264480497156,0.10825264480497156
65,170,-1,0.4567490410037905,0.4567490410037905,-1,,,
66,170,-1,0.4596571710548903,0.4596571710548903,-1,,,
67,170,-1,0.45746430676234395,0.45746430676234395,-1,,,
68,170,-1,0.46292484338171996,0.46292484338171996,-1,,,
69,170,-1,0.45495526597165226,0.45495526597165226,-1,,,
70,170,-1,,,-1,65.0,0.37265693959558294,0.37265693959558294
70,170,-1,,,0,65.0,0.5218167070831571,0.5218167070831571
70,170,-1,,,1,65.0,0.33220224508217405,0.33220224508217405
70,170,-1,,,2,65.0,0.41695158396448406,0.41695158396448406
70,170,-1,,,3,65.0,0.3425786942243576,0.3425786942243576
70,170,-1,,,4,65.0,0.39281540896211353,0.39281540896211353
70,170,-1,,,5,65.0,0.36295346317014526,0.36295346317014526
70,170,-1,,,6,65.0,0.4227795409304755,0.4227795409304755
70,170,-1,,,7,65.0,0.2097499163023063,0.2097499163023063
70,170,-1,,,8,65.0,0.46004511628832134,0.46004511628832134
70,170,-1,,,9,65.0,0.46989040289606365,0.46989040289606365
70,170,-1,,,10,65.0,0.2404655260699136,0.2404655260699136
70,170,-1,,,11,65.0,0.4705235830375126,0.4705235830375126
70,170,-1,,,12,65.0,0.8298975037676948,0.8298975037676948
70,170,-1,,,13,65.0,0.26448479081903187,0.26448479081903187
70,170,-1,,,14,65.0,0.12964390191648686,0.12964390191648686
70,170,-1,,,15,65.0,0.2330491721097912,0.2330491721097912
70,170,-1,,,16,65.0,0.2125019601413182,0.2125019601413182
70,170,-1,,,17,65.0,0.46515127058540073,0.46515127058540073
70,170,-1,,,18,65.0,0.5111547580787114,0.5111547580787114
70,170,-1,,,19,65.0,0.3410892827170236,0.3410892827170236
70,170,-1,,,20,65.0,0.1960509033607585,0.1960509033607585
70,170,-1,0.45306479625883156,0.45306479625883156,-1,,,
71,170,-1,0.4567036435269473,0.4567036435269473,-1,,,
72,170,-1,0.4472856558205789,0.4472856558205789,-1,,,
73,170,-1,0.45358280558683717,0.45358280558683717,-1,,,
74,170,-1,0.4520780278576745,0.4520780278576745,-1,,,
75,170,-1,,,-1,65.0,0.35004968645342555,0.35004968645342555
75,170,-1,,,0,65.0,0.4917375573090145,0.4917375573090145
75,170,-1,,,1,65.0,0.32112765099321094,0.32112765099321094
75,170,-1,,,2,65.0,0.45646928889410837,0.45646928889410837
75,170,-1,,,3,65.0,0.3292814535754068,0.3292814535754068
75,170,-1,,,4,65.0,0.38922747118132456,0.38922747118132456
75,170,-1,,,5,65.0,0.3047623956309898,0.3047623956309898
75,170,-1,,,6,65.0,0.4137779495545796,0.4137779495545796
75,170,-1,,,7,65.0,0.16704657354525157,0.16704657354525157
75,170,-1,,,8,65.0,0.48509810652051655,0.48509810652051655
75,170,-1,,,9,65.0,0.4554785575185503,0.4554785575185503
75,170,-1,,,10,65.0,0.17400175865207398,0.17400175865207398
75,170,-1,,,11,65.0,0.487092273575919,0.487092273575919
75,170,-1,,,12,65.0,0.7563873401709965,0.7563873401709965
75,170,-1,,,13,65.0,0.2620468373809542,0.2620468373809542
75,170,-1,,,14,65.0,0.09000604613018888,0.09000604613018888
75,170,-1,,,15,65.0,0.17402872975383485,0.17402872975383485
75,170,-1,,,16,65.0,0.16776644651378905,0.16776644651378905
75,170,-1,,,17,65.0,0.5022452627973897,0.5022452627973897
75,170,-1,,,18,65.0,0.5402034372091293,0.5402034372091293
75,170,-1,,,19,65.0,0.2595715118306024,0.2595715118306024
75,170,-1,,,20,65.0,0.12368676678410598,0.12368676678410598
75,170,-1,0.4395581096062186,0.4395581096062186,-1,,,
76,170,-1,0.44286617061548067,0.44286617061548067,-1,,,
77,170,-1,0.4473843072590075,0.4473843072590075,-1,,,
78,170,-1,0.4426143280943932,0.4426143280943932,-1,,,
79,170,-1,0.44291268567941344,0.44291268567941344,-1,,,
80,170,-1,,,-1,80.0,0.34633419872419974,0.34633419872419974
80,170,-1,,,0,80.0,0.510154881647655,0.510154881647655
80,170,-1,,,1,80.0,0.3275093116930553,0.3275093116930553
80,170,-1,,,2,80.0,0.4454008766583034,0.4454008766583034
80,170,-1,,,3,80.0,0.3207576402596065,0.3207576402596065
80,170,-1,,,4,80.0,0.40417404047080446,0.40417404047080446
80,170,-1,,,5,80.0,0.29448704461434055,0.29448704461434055
80,170,-1,,,6,80.0,0.409493408032826,0.409493408032826
80,170,-1,,,7,80.0,0.14633721485733986,0.14633721485733986
80,170,-1,,,8,80.0,0.46384980423109873,0.46384980423109873
80,170,-1,,,9,80.0,0.45065447262355257,0.45065447262355257
80,170,-1,,,10,80.0,0.17818331718444824,0.17818331718444824
80,170,-1,,,11,80.0,0.4741363057068416,0.4741363057068416
80,170,-1,,,12,80.0,0.7417935388428825,0.7417935388428825
80,170,-1,,,13,80.0,0.27001847326755524,0.27001847326755524
80,170,-1,,,14,80.0,0.08977877082569259,0.08977877082569259
80,170,-1,,,15,80.0,0.17141848802566528,0.17141848802566528
80,170,-1,,,16,80.0,0.1721392497420311,0.1721392497420311
80,170,-1,,,17,80.0,0.5032103508710861,0.5032103508710861
80,170,-1,,,18,80.0,0.5315141869442803,0.5315141869442803
80,170,-1,,,19,80.0,0.2471947478396552,0.2471947478396552
80,170,-1,,,20,80.0,0.1208120488694736,0.1208120488694736
80,170,-1,0.44600713026453875,0.44600713026453875,-1,,,
81,170,-1,0.4393270905864866,0.4393270905864866,-1,,,
82,170,-1,0.4421407518505353,0.4421407518505353,-1,,,
83,170,-1,0.43673491504108697,0.43673491504108697,-1,,,
84,170,-1,0.4375886920164203,0.4375886920164203,-1,,,
85,170,-1,,,-1,85.0,0.33968388654139575,0.33968388654139575
85,170,-1,,,0,85.0,0.5101735198072025,0.5101735198072025
85,170,-1,,,1,85.0,0.32482651088918957,0.32482651088918957
85,170,-1,,,2,85.0,0.4292750507593155,0.4292750507593155
85,170,-1,,,3,85.0,0.32757605825151714,0.32757605825151714
85,170,-1,,,4,85.0,0.39718812916960033,0.39718812916960033
85,170,-1,,,5,85.0,0.2958120843395591,0.2958120843395591
85,170,-1,,,6,85.0,0.41424728078501566,0.41424728078501566
85,170,-1,,,7,85.0,0.14629108033009938,0.14629108033009938
85,170,-1,,,8,85.0,0.46765061787196566,0.46765061787196566
85,170,-1,,,9,85.0,0.4303373268672398,0.4303373268672398
85,170,-1,,,10,85.0,0.15496217672313964,0.15496217672313964
85,170,-1,,,11,85.0,0.4617263802460262,0.4617263802460262
85,170,-1,,,12,85.0,0.7297464885881969,0.7297464885881969
85,170,-1,,,13,85.0,0.29198908167225973,0.29198908167225973
85,170,-1,,,14,85.0,0.07553602129753147,0.07553602129753147
85,170,-1,,,15,85.0,0.182281032204628,0.182281032204628
85,170,-1,,,16,85.0,0.13267219918114798,0.13267219918114798
85,170,-1,,,17,85.0,0.5118316866989646,0.5118316866989646
85,170,-1,,,18,85.0,0.520502929176603,0.520502929176603
85,170,-1,,,19,85.0,0.2253918264593397,0.2253918264593397
85,170,-1,,,20,85.0,0.10334413605076927,0.10334413605076927
85,170,-1,0.4369859320727008,0.4369859320727008,-1,,,
86,170,-1,0.4477432425084867,0.4477432425084867,-1,,,
87,170,-1,0.44108279188822586,0.44108279188822586,-1,,,
88,170,-1,0.4349402232825407,0.4349402232825407,-1,,,
89,170,-1,0.4321525940421032,0.4321525940421032,-1,,,
90,170,-1,,,-1,85.0,0.35316841237779173,0.35316841237779173
90,170,-1,,,0,85.0,0.5226874202489853,0.5226874202489853
90,170,-1,,,1,85.0,0.3353276912655149,0.3353276912655149
90,170,-1,,,2,85.0,0.42275823865618023,0.42275823865618023
90,170,-1,,,3,85.0,0.34100515288966043,0.34100515288966043
90,170,-1,,,4,85.0,0.40524756056921823,0.40524756056921823
90,170,-1,,,5,85.0,0.3566038742927568,0.3566038742927568
90,170,-1,,,6,85.0,0.44102843957287924,0.44102843957287924
90,170,-1,,,7,85.0,0.16012427796210563,0.16012427796210563
90,170,-1,,,8,85.0,0.45060899002211435,0.45060899002211435
90,170,-1,,,9,85.0,0.46061777004173826,0.46061777004173826
90,170,-1,,,10,85.0,0.20571606074060714,0.20571606074060714
90,170,-1,,,11,85.0,0.4423505408423288,0.4423505408423288
90,170,-1,,,12,85.0,0.7949038147926331,0.7949038147926331
90,170,-1,,,13,85.0,0.25964941935879843,0.25964941935879843
90,170,-1,,,14,85.0,0.10777628448392663,0.10777628448392663
90,170,-1,,,15,85.0,0.1868089378944465,0.1868089378944465
90,170,-1,,,16,85.0,0.17600715266806738,0.17600715266806738
90,170,-1,,,17,85.0,0.45238348682011875,0.45238348682011875
90,170,-1,,,18,85.0,0.5028943014996392,0.5028943014996392
90,170,-1,,,19,85.0,0.2489586706672396,0.2489586706672396
90,170,-1,,,20,85.0,0.14307857464466775,0.14307857464466775
90,170,-1,0.43637038166062875,0.43637038166062875,-1,,,
91,170,-1,0.43716898055104486,0.43716898055104486,-1,,,
92,170,-1,0.4296218242213043,0.4296218242213043,-1,,,
93,170,-1,0.44001189893797826,0.44001189893797826,-1,,,
94,170,-1,0.42624591373735005,0.42624591373735005,-1,,,
95,170,-1,,,-1,85.0,0.34405151469518946,0.34405151469518946
95,170,-1,,,0,85.0,0.5381391548684665,0.5381391548684665
95,170,-1,,,1,85.0,0.33654351958206724,0.33654351958206724
95,170,-1,,,2,85.0,0.4257854180676596,0.4257854180676596
95,170,-1,,,3,85.0,0.3177113171134676,0.3177113171134676
95,170,-1,,,4,85.0,0.3992951342037746,0.3992951342037746
95,170,-1,,,5,85.0,0.33400138800165485,0.33400138800165485
95,170,-1,,,6,85.0,0.4117106209908213,0.4117106209908213
95,170,-1,,,7,85.0,0.13365417772105762,0.13365417772105762
95,170,-1,,,8,85.0,0.4417631519692285,0.4417631519692285
95,170,-1,,,9,85.0,0.4836497945444925,0.4836497945444925
95,170,-1,,,10,85.0,0.15680767808641707,0.15680767808641707
95,170,-1,,,11,85.0,0.4692060819693974,0.4692060819693974
95,170,-1,,,12,85.0,0.7757243003164019,0.7757243003164019
95,170,-1,,,13,85.0,0.2645887072597231,0.2645887072597231
95,170,-1,,,14,85.0,0.08241884503513575,0.08241884503513575
95,170,-1,,,15,85.0,0.18243065689291274,0.18243065689291274
95,170,-1,,,16,85.0,0.14882068123136247,0.14882068123136247
95,170,-1,,,17,85.0,0.4529436102935246,0.4529436102935246
95,170,-1,,,18,85.0,0.526405176946095,0.526405176946095
95,170,-1,,,19,85.0,0.22761567682027817,0.22761567682027817
95,170,-1,,,20,85.0,0.11586671668503966,0.11586671668503966
95,170,-1,0.4315876470148912,0.4315876470148912,-1,,,
96,170,-1,0.4288042631239919,0.4288042631239919,-1,,,
97,170,-1,0.43792242535025055,0.43792242535025055,-1,,,
98,170,-1,0.43184733299309747,0.43184733299309747,-1,,,
99,170,-1,0.42622254431596274,0.42622254431596274,-1,,,
100,170,-1,,,-1,85.0,0.34727040044076385,0.34727040044076385
100,170,-1,,,0,85.0,0.5132142358592579,0.5132142358592579
100,170,-1,,,1,85.0,0.3388346476214273,0.3388346476214273
100,170,-1,,,2,85.0,0.42202894389629364,0.42202894389629364
100,170,-1,,,3,85.0,0.32302106278283255,0.32302106278283255
100,170,-1,,,4,85.0,0.3976424017122814,0.3976424017122814
100,170,-1,,,5,85.0,0.31584930127220495,0.31584930127220495
100,170,-1,,,6,85.0,0.44424497123275486,0.44424497123275486
100,170,-1,,,7,85.0,0.1533391656620162,0.1533391656620162
100,170,-1,,,8,85.0,0.4436713882855007,0.4436713882855007
100,170,-1,,,9,85.0,0.4711699975388391,0.4711699975388391
100,170,-1,,,10,85.0,0.18061155187232153,0.18061155187232153
100,170,-1,,,11,85.0,0.4753376543521881,0.4753376543521881
100,170,-1,,,12,85.0,0.786018797329494,0.786018797329494
100,170,-1,,,13,85.0,0.2647059453385217,0.2647059453385217
100,170,-1,,,14,85.0,0.08349396727446999,0.08349396727446999
100,170,-1,,,15,85.0,0.18454828805157117,0.18454828805157117
100,170,-1,,,16,85.0,0.17084118191684997,0.17084118191684997
100,170,-1,,,17,85.0,0.46654623188078403,0.46654623188078403
100,170,-1,,,18,85.0,0.5134033943925586,0.5134033943925586
100,170,-1,,,19,85.0,0.2244973565850939,0.2244973565850939
100,170,-1,,,20,85.0,0.11965792439877987,0.11965792439877987
100,170,-1,0.4317970331649334,0.4317970331649334,-1,,,
101,170,-1,0.43143203166144634,0.43143203166144634,-1,,,
102,170,-1,0.4285288328490062,0.4285288328490062,-1,,,
103,170,-1,0.43120845490031773,0.43120845490031773,-1,,,
104,170,-1,0.41967561562158906,0.41967561562158906,-1,,,
105,170,-1,,,-1,105.0,0.33001713002049904,0.33001713002049904
105,170,-1,,,0,105.0,0.5288186568234648,0.5288186568234648
105,170,-1,,,1,105.0,0.3354045833860125,0.3354045833860125
105,170,-1,,,2,105.0,0.4986992265496935,0.4986992265496935
105,170,-1,,,3,105.0,0.2688761768596513,0.2688761768596513
105,170,-1,,,4,105.0,0.41760762674467905,0.41760762674467905
105,170,-1,,,5,105.0,0.2802152952977589,0.2802152952977589
105,170,-1,,,6,105.0,0.3786602978195463,0.3786602978195463
105,170,-1,,,7,105.0,0.10232285037636757,0.10232285037636757
105,170,-1,,,8,105.0,0.42693381224359783,0.42693381224359783
105,170,-1,,,9,105.0,0.4396372309752873,0.4396372309752873
105,170,-1,,,10,105.0,0.12967071788651602,0.12967071788651602
105,170,-1,,,11,105.0,0.5226320666926247,0.5226320666926247
105,170,-1,,,12,105.0,0.6690167550529752,0.6690167550529752
105,170,-1,,,13,105.0,0.2884120451552527,0.2884120451552527
105,170,-1,,,14,105.0,0.06742947661717023,0.06742947661717023
105,170,-1,,,15,105.0,0.12458614472831998,0.12458614472831998
105,170,-1,,,16,105.0,0.12063611298799515,0.12063611298799515
105,170,-1,,,17,105.0,0.5077435134777001,0.5077435134777001
105,170,-1,,,18,105.0,0.5587905091898782,0.5587905091898782
105,170,-1,,,19,105.0,0.1731024065187999,0.1731024065187999
105,170,-1,,,20,105.0,0.09116422504718814,0.09116422504718814
105,170,-1,0.42011810220472995,0.42011810220472995,-1,,,
106,170,-1,0.42791886627674103,0.42791886627674103,-1,,,
107,170,-1,0.4283946614864974,0.4283946614864974,-1,,,
108,170,-1,0.4185009030570761,0.4185009030570761,-1,,,
109,170,-1,0.4206306699075197,0.4206306699075197,-1,,,
110,170,-1,,,-1,105.0,0.3380547976533116,0.3380547976533116
110,170,-1,,,0,105.0,0.5260083941476685,0.5260083941476685
110,170,-1,,,1,105.0,0.340456234557288,0.340456234557288
110,170,-1,,,2,105.0,0.40391758935792105,0.40391758935792105
110,170,-1,,,3,105.0,0.3130733094045094,0.3130733094045094
110,170,-1,,,4,105.0,0.39991981855460573,0.39991981855460573
110,170,-1,,,5,105.0,0.3006861375511757,0.3006861375511757
110,170,-1,,,6,105.0,0.4541923148291452,0.4541923148291452
110,170,-1,,,7,105.0,0.12665132007428578,0.12665132007428578
110,170,-1,,,8,105.0,0.4686606526374817,0.4686606526374817
110,170,-1,,,9,105.0,0.45508247188159395,0.45508247188159395
110,170,-1,,,10,105.0,0.16792279801198415,0.16792279801198415
110,170,-1,,,11,105.0,0.4519807483468737,0.4519807483468737
110,170,-1,,,12,105.0,0.7605640419891903,0.7605640419891903
110,170,-1,,,13,105.0,0.25588654620306833,0.25588654620306833
110,170,-1,,,14,105.0,0.07430016103067569,0.07430016103067569
110,170,-1,,,15,105.0,0.17641721027238028,0.17641721027238028
110,170,-1,,,16,105.0,0.14049687662294932,0.14049687662294932
110,170,-1,,,17,105.0,0.4641815341476883,0.4641815341476883
110,170,-1,,,18,105.0,0.49458062648773193,0.49458062648773193
110,170,-1,,,19,105.0,0.22779278457164764,0.22779278457164764
110,170,-1,,,20,105.0,0.0963791800396783,0.0963791800396783
110,170,-1,0.423255272863204,0.423255272863204,-1,,,
111,170,-1,0.4179624435845871,0.4179624435845871,-1,,,
112,170,-1,0.42163135032904775,0.42163135032904775,-1,,,
113,170,-1,0.4208085475086469,0.4208085475086469,-1,,,
114,170,-1,0.42206617727962853,0.42206617727962853,-1,,,
115,170,-1,,,-1,115.0,0.31939340701491453,0.31939340701491453
115,170,-1,,,0,115.0,0.5215513631701469,0.5215513631701469
115,170,-1,,,1,115.0,0.3312317303248814,0.3312317303248814
115,170,-1,,,2,115.0,0.4694708543164389,0.4694708543164389
115,170,-1,,,3,115.0,0.26887477402176174,0.26887477402176174
115,170,-1,,,4,115.0,0.4130151442119053,0.4130151442119053
115,170,-1,,,5,115.0,0.2768786062619516,0.2768786062619516
115,170,-1,,,6,115.0,0.37717687764338087,0.37717687764338087
115,170,-1,,,7,115.0,0.09245236510676998,0.09245236510676998
115,170,-1,,,8,115.0,0.4344559482165745,0.4344559482165745
115,170,-1,,,9,115.0,0.4361313453742436,0.4361313453742436
115,170,-1,,,10,115.0,0.1161014474928379,0.1161014474928379
115,170,-1,,,11,115.0,0.49301109995160786,0.49301109995160786
115,170,-1,,,12,115.0,0.659327758210046,0.659327758210046
115,170,-1,,,13,115.0,0.27876024161066326,0.27876024161066326
115,170,-1,,,14,115.0,0.05647482283945594,0.05647482283945594
115,170,-1,,,15,115.0,0.1257586106657982,0.1257586106657982
115,170,-1,,,16,115.0,0.10079972126654216,0.10079972126654216
115,170,-1,,,17,115.0,0.5143717378377914,0.5143717378377914
115,170,-1,,,18,115.0,0.5219588492597852,0.5219588492597852
115,170,-1,,,19,115.0,0.1419639406459672,0.1419639406459672
115,170,-1,,,20,115.0,0.07749430888465472,0.07749430888465472
115,170,-1,0.4192857439057869,0.4192857439057869,-1,,,
116,170,-1,0.4176191613513824,0.4176191613513824,-1,,,
117,170,-1,0.42059229767461964,0.42059229767461964,-1,,,
118,170,-1,0.41606606438494564,0.41606606438494564,-1,,,
119,170,-1,0.4168223576587543,0.4168223576587543,-1,,,
120,170,-1,,,-1,115.0,0.34337682111606915,0.34337682111606915
120,170,-1,,,0,115.0,0.46715066741619793,0.46715066741619793
120,170,-1,,,1,115.0,0.3362851845366614,0.3362851845366614
120,170,-1,,,2,115.0,0.41400873022420065,0.41400873022420065
120,170,-1,,,3,115.0,0.3038064113685063,0.3038064113685063
120,170,-1,,,4,115.0,0.3940646584544863,0.3940646584544863
120,170,-1,,,5,115.0,0.30807955962206635,0.30807955962206635
120,170,-1,,,6,115.0,0.4612466884510858,0.4612466884510858
120,170,-1,,,7,115.0,0.16295814833470754,0.16295814833470754
120,170,-1,,,8,115.0,0.43656528847558157,0.43656528847558157
120,170,-1,,,9,115.0,0.46837193625313894,0.46837193625313894
120,170,-1,,,10,115.0,0.20016012766531535,0.20016012766531535
120,170,-1,,,11,115.0,0.4538571664265224,0.4538571664265224
120,170,-1,,,12,115.0,0.7897609961884362,0.7897609961884362
120,170,-1,,,13,115.0,0.24768435103552683,0.24768435103552683
120,170,-1,,,14,115.0,0.08908338844776154,0.08908338844776154
120,170,-1,,,15,115.0,0.18428412824869156,0.18428412824869156
120,170,-1,,,16,115.0,0.16933572611638478,0.16933572611638478
120,170,-1,,,17,115.0,0.45892775484493803,0.45892775484493803
120,170,-1,,,18,115.0,0.4966693158660616,0.4966693158660616
120,170,-1,,,19,115.0,0.24415168166160583,0.24415168166160583
120,170,-1,,,20,115.0,0.12446133379957505,0.12446133379957505
120,170,-1,0.41446909151579203,0.41446909151579203,-1,,,
121,170,-1,0.41654651799397163,0.41654651799397163,-1,,,
122,170,-1,0.41872587442746634,0.41872587442746634,-1,,,
123,170,-1,0.4195776602678132,0.4195776602678132,-1,,,
124,170,-1,0.41421037877512257,0.41421037877512257,-1,,,
125,170,-1,,,-1,115.0,0.3338278230108625,0.3338278230108625
125,170,-1,,,0,115.0,0.468486987054348,0.468486987054348
125,170,-1,,,1,115.0,0.3357770187514169,0.3357770187514169
125,170,-1,,,2,115.0,0.41133734583854675,0.41133734583854675
125,170,-1,,,3,115.0,0.30057103080408915,0.30057103080408915
125,170,-1,,,4,115.0,0.40460766000407083,0.40460766000407083
125,170,-1,,,5,115.0,0.29197193143357125,0.29197193143357125
125,170,-1,,,6,115.0,0.4417756104043552,0.4417756104043552
125,170,-1,,,7,115.0,0.13744678401521274,0.13744678401521274
125,170,-1,,,8,115.0,0.42138483268874033,0.42138483268874033
125,170,-1,,,9,115.0,0.4364484633718218,0.4364484633718218
125,170,-1,,,10,115.0,0.1992704485143934,0.1992704485143934
125,170,-1,,,11,115.0,0.4468628338405064,0.4468628338405064
125,170,-1,,,12,115.0,0.7422088384628296,0.7422088384628296
125,170,-1,,,13,115.0,0.2557388650519507,0.2557388650519507
125,170,-1,,,14,115.0,0.086078559314566,0.086078559314566
125,170,-1,,,15,115.0,0.17563896626234055,0.17563896626234055
125,170,-1,,,16,115.0,0.15370494180491992,0.15370494180491992
125,170,-1,,,17,115.0,0.4622091400836195,0.4622091400836195
125,170,-1,,,18,115.0,0.4943931975534984,0.4943931975534984
125,170,-1,,,19,115.0,0.2122135226215635,0.2122135226215635
125,170,-1,,,20,115.0,0.1322573053517512,0.1322573053517512
125,170,-1,0.4149748704325386,0.4149748704325386,-1,,,
126,170,-1,0.4153890047679868,0.4153890047679868,-1,,,
127,170,-1,0.41739093595080906,0.41739093595080906,-1,,,
128,170,-1,0.4108464984517348,0.4108464984517348,-1,,,
129,170,-1,0.40952634994398085,0.40952634994398085,-1,,,
130,170,-1,,,-1,115.0,0.33007610236060153,0.33007610236060153
130,170,-1,,,0,115.0,0.5241625787956374,0.5241625787956374
130,170,-1,,,1,115.0,0.33144831018788473,0.33144831018788473
130,170,-1,,,2,115.0,0.4197916452373777,0.4197916452373777
130,170,-1,,,3,115.0,0.2923876366444996,0.2923876366444996
130,170,-1,,,4,115.0,0.417757191828319,0.417757191828319
130,170,-1,,,5,115.0,0.2715324543283454,0.2715324543283454
130,170,-1,,,6,115.0,0.4290218587432589,0.4290218587432589
130,170,-1,,,7,115.0,0.12322938974414553,0.12322938974414553
130,170,-1,,,8,115.0,0.4212855739252908,0.4212855739252908
130,170,-1,,,9,115.0,0.43082145707947866,0.43082145707947866
130,170,-1,,,10,115.0,0.17565020812409265,0.17565020812409265
130,170,-1,,,11,115.0,0.45334375756127493,0.45334375756127493
130,170,-1,,,12,115.0,0.7236404461520058,0.7236404461520058
130,170,-1,,,13,115.0,0.262965195945331,0.262965195945331
130,170,-1,,,14,115.0,0.08015005277203661,0.08015005277203661
130,170,-1,,,15,115.0,0.1613492795399257,0.1613492795399257
130,170,-1,,,16,115.0,0.13236503303050995,0.13236503303050995
130,170,-1,,,17,115.0,0.4792763178369829,0.4792763178369829
130,170,-1,,,18,115.0,0.49341612841401783,0.49341612841401783
130,170,-1,,,19,115.0,0.19163181739194052,0.19163181739194052
130,170,-1,,,20,115.0,0.11637181629027639,0.11637181629027639
130,170,-1,0.41125047302734086,0.41125047302734086,-1,,,
131,170,-1,0.4214549238047405,0.4214549238047405,-1,,,
132,170,-1,0.418056025403982,0.418056025403982,-1,,,
133,170,-1,0.4102924101882511,0.4102924101882511,-1,,,
134,170,-1,0.4117294906349907,0.4117294906349907,-1,,,
135,170,-1,,,-1,115.0,0.3537430276897844,0.3537430276897844
135,170,-1,,,0,115.0,0.5040971849645887,0.5040971849645887
135,170,-1,,,1,115.0,0.35770695975848604,0.35770695975848604
135,170,-1,,,2,115.0,0.3925727627107075,0.3925727627107075
135,170,-1,,,3,115.0,0.3171457733426775,0.3171457733426775
135,170,-1,,,4,115.0,0.3980825287955148,0.3980825287955148
135,170,-1,,,5,115.0,0.31792142341977786,0.31792142341977786
135,170,-1,,,6,115.0,0.51864457236869,0.51864457236869
135,170,-1,,,7,115.0,0.14851453048842295,0.14851453048842295
135,170,-1,,,8,115.0,0.4470734213079725,0.4470734213079725
135,170,-1,,,9,115.0,0.4723273345402309,0.4723273345402309
135,170,-1,,,10,115.0,0.22393948691231863,0.22393948691231863
135,170,-1,,,11,115.0,0.4435158244201115,0.4435158244201115
135,170,-1,,,12,115.0,0.7733203683580671,0.7733203683580671
135,170,-1,,,13,115.0,0.25570755558354513,0.25570755558354513
135,170,-1,,,14,115.0,0.09778758989913124,0.09778758989913124
135,170,-1,,,15,115.0,0.192894917513643,0.192894917513643
135,170,-1,,,16,115.0,0.20939206438405172,0.20939206438405172
135,170,-1,,,17,115.0,0.4457774758338928,0.4457774758338928
135,170,-1,,,18,115.0,0.4839470897402082,0.4839470897402082
135,170,-1,,,19,115.0,0.2788038360221045,0.2788038360221045
135,170,-1,,,20,115.0,0.1494308811213289,0.1494308811213289
135,170,-1,0.40305341867326994,0.40305341867326994,-1,,,
